No.,Name,Income/Balance,Account Type,Totaling,Gen. Posting Type,Gen. Bus. Posting Group,Gen. Prod. Posting Group,Net Change,Balance,Cost Type No.,Add.-Currency Balance at Date,Additional-Currency Balance,Additional-Currency Net Change,Balance at Date,Consol. Credit Acc.,Consol. Debit Acc.,Consol. Translation Method,Default IC Partner G/L Acc. No,Direct Posting,VAT Bus. Posting Group,VAT Prod. Posting Group
1000,BALANCE SHEET,Balance Sheet,Heading,, ,,,0.00,0.00,,0.00,0.00,0.00,0.00,,,Average Rate (Manual),,FALSE,,
1002,ASSETS,Balance Sheet,Begin-Total,, ,,,0.00,0.00,,0.00,0.00,0.00,0.00,,,Average Rate (Manual),,FALSE,,
1003,Fixed Assets,Balance Sheet,Begin-Total,, ,,,0.00,0.00,,0.00,0.00,0.00,0.00,,,Average Rate (Manual),,FALSE,,
1005,Tangible Fixed Assets,Balance Sheet,Begin-Total,, ,,,0.00,0.00,,0.00,0.00,0.00,0.00,,,Average Rate (Manual),,FALSE,,
1100,Land and Buildings,Balance Sheet,Begin-Total,, ,,,0.00,0.00,,0.00,0.00,0.00,0.00,,,Average Rate (Manual),,FALSE,,
1110,Land and Buildings,Balance Sheet,Posting,, ,,,"1,479,480.60","1,479,480.60",,0.00,0.00,0.00,"1,479,480.60",,,Average Rate (Manual),,FALSE,,
1120,Increases during the Year,Balance Sheet,Posting,,Purchase,NATIONAL,MISC,147.73,147.73,,0.00,0.00,0.00,147.73,,,Average Rate (Manual),,FALSE,NATIONAL,VAT25
1130,Decreases during the Year,Balance Sheet,Posting,,Sale,NATIONAL,MISC,0.00,0.00,,0.00,0.00,0.00,0.00,,,Average Rate (Manual),,FALSE,NATIONAL,VAT25
1140,"Accum. Depreciation, Buildings",Balance Sheet,Posting,, ,,,"-526,620.38","-526,620.38",,0.00,0.00,0.00,"-526,620.38",,,Average Rate (Manual),,FALSE,,
1190,"Land and Buildings, Total",Balance Sheet,End-Total,1100..1190, ,,,"953,007.95","953,007.95",,0.00,0.00,0.00,"953,007.95",,,Average Rate (Manual),,FALSE,,
1200,Operating Equipment,Balance Sheet,Begin-Total,, ,,,0.00,0.00,,0.00,0.00,0.00,0.00,,,Average Rate (Manual),,FALSE,,
1210,Operating Equipment,Balance Sheet,Posting,, ,,,"582,872.18","582,872.18",,0.00,0.00,0.00,"582,872.18",,,Average Rate (Manual),,FALSE,,
1220,Increases during the Year,Balance Sheet,Posting,,Purchase,NATIONAL,MISC,"25,116.00","25,116.00",,0.00,0.00,0.00,"25,116.00",,,Average Rate (Manual),,FALSE,NATIONAL,VAT25
1230,Decreases during the Year,Balance Sheet,Posting,,Sale,NATIONAL,MISC,0.00,0.00,,0.00,0.00,0.00,0.00,,,Average Rate (Manual),,FALSE,NATIONAL,VAT25
1240,"Accum. Depr., Oper. Equip.",Balance Sheet,Posting,, ,,,"-508,176.74","-508,176.74",,0.00,0.00,0.00,"-508,176.74",,,Average Rate (Manual),,FALSE,,
1290,"Operating Equipment, Total",Balance Sheet,End-Total,1200..1290, ,,,"99,811.44","99,811.44",,0.00,0.00,0.00,"99,811.44",,,Average Rate (Manual),,FALSE,,
1300,Vehicles,Balance Sheet,Begin-Total,, ,,,0.00,0.00,,0.00,0.00,0.00,0.00,,,Average Rate (Manual),,FALSE,,
1310,Vehicles,Balance Sheet,Posting,, ,,,"49,473.91","49,473.91",,0.00,0.00,0.00,"49,473.91",,,Average Rate (Manual),,FALSE,,
1320,Increases during the Year,Balance Sheet,Posting,,Purchase,NATIONAL,MISC,"87,000.00","87,000.00",,0.00,0.00,0.00,"87,000.00",,,Average Rate (Manual),,FALSE,NATIONAL,VAT25
1330,Decreases during the Year,Balance Sheet,Posting,,Sale,NATIONAL,MISC,0.00,0.00,,0.00,0.00,0.00,0.00,,,Average Rate (Manual),,FALSE,NATIONAL,VAT25
1340,"Accum. Depreciation, Vehicles",Balance Sheet,Posting,, ,,,"-60,603.78","-60,603.78",,0.00,0.00,0.00,"-60,603.78",,,Average Rate (Manual),,FALSE,,
1390,"Vehicles, Total",Balance Sheet,End-Total,1300..1390, ,,,"75,870.13","75,870.13",,0.00,0.00,0.00,"75,870.13",,,Average Rate (Manual),,FALSE,,
1395,"Tangible Fixed Assets, Total",Balance Sheet,End-Total,1005..1395, ,,,"1,128,689.52","1,128,689.52",,0.00,0.00,0.00,"1,128,689.52",,,Average Rate (Manual),,FALSE,,
1999,"Fixed Assets, Total",Balance Sheet,End-Total,1003..1999, ,,,"1,128,689.52","1,128,689.52",,0.00,0.00,0.00,"1,128,689.52",,,Average Rate (Manual),,FALSE,,
2000,Current Assets,Balance Sheet,Begin-Total,, ,,,0.00,0.00,,0.00,0.00,0.00,0.00,,,Average Rate (Manual),,FALSE,,
2100,Inventory,Balance Sheet,Begin-Total,, ,,,0.00,0.00,,0.00,0.00,0.00,0.00,,,Average Rate (Manual),,FALSE,,
2110,Resale Items,Balance Sheet,Posting,, ,,,"533,910.70","533,910.70",,0.00,0.00,0.00,"533,910.70",,,Average Rate (Manual),,FALSE,,
2111,Resale Items (Interim),Balance Sheet,Posting,, ,,,0.00,0.00,,0.00,0.00,0.00,0.00,,,Average Rate (Manual),,FALSE,,
2112,Cost of Resale Sold (Interim),Balance Sheet,Posting,, ,,,0.00,0.00,,0.00,0.00,0.00,0.00,,,Average Rate (Manual),,FALSE,,
2120,Finished Goods,Balance Sheet,Posting,, ,,,"139,682.60","139,682.60",,0.00,0.00,0.00,"139,682.60",,,Average Rate (Manual),,FALSE,,
2121,Finished Goods (Interim),Balance Sheet,Posting,, ,,,0.00,0.00,,0.00,0.00,0.00,0.00,,,Average Rate (Manual),,FALSE,,
2130,Raw Materials,Balance Sheet,Posting,, ,,,"510,028.36","510,028.36",,0.00,0.00,0.00,"510,028.36",,,Average Rate (Manual),,FALSE,,
2131,Raw Materials (Interim),Balance Sheet,Posting,, ,,,0.00,0.00,,0.00,0.00,0.00,0.00,,,Average Rate (Manual),,FALSE,,
2132,Cost of Raw Mat.Sold (Interim),Balance Sheet,Posting,, ,,,0.00,0.00,,0.00,0.00,0.00,0.00,,,Average Rate (Manual),,FALSE,,
2140,"WIP Account, Finished goods",Balance Sheet,Posting,, ,,,0.00,0.00,,0.00,0.00,0.00,0.00,,,Average Rate (Manual),,FALSE,,
2180,Primo Inventory,Balance Sheet,Posting,, ,,,0.00,0.00,,0.00,0.00,0.00,0.00,,,Average Rate (Manual),,FALSE,,
2190,"Inventory, Total",Balance Sheet,End-Total,2100..2190, ,,,"1,183,621.66","1,183,621.66",,0.00,0.00,0.00,"1,183,621.66",,,Average Rate (Manual),,FALSE,,
2200,Job WIP,Balance Sheet,Begin-Total,, ,,,0.00,0.00,,0.00,0.00,0.00,0.00,,,Average Rate (Manual),,FALSE,,
2210,WIP Sales,Balance Sheet,Begin-Total,, ,,,0.00,0.00,,0.00,0.00,0.00,0.00,,,Average Rate (Manual),,FALSE,,
2211,WIP Job Sales,Balance Sheet,Posting,, ,,,0.00,0.00,,0.00,0.00,0.00,0.00,,,Average Rate (Manual),,FALSE,,
2212,Invoiced Job Sales,Balance Sheet,Posting,, ,,,0.00,0.00,,0.00,0.00,0.00,0.00,,,Average Rate (Manual),,FALSE,,
2220,"WIP Sales, Total",Balance Sheet,End-Total,2210..2220, ,,,0.00,0.00,,0.00,0.00,0.00,0.00,,,Average Rate (Manual),,FALSE,,
2230,WIP Costs,Balance Sheet,Begin-Total,, ,,,0.00,0.00,,0.00,0.00,0.00,0.00,,,Average Rate (Manual),,FALSE,,
2231,WIP Job Costs,Balance Sheet,Posting,, ,,,0.00,0.00,,0.00,0.00,0.00,0.00,,,Average Rate (Manual),,FALSE,,
2232,Accrued Job Costs,Balance Sheet,Posting,, ,,,0.00,0.00,,0.00,0.00,0.00,0.00,,,Average Rate (Manual),,FALSE,,
2240,"WIP Costs, Total",Balance Sheet,End-Total,2230..2240, ,,,0.00,0.00,,0.00,0.00,0.00,0.00,,,Average Rate (Manual),,FALSE,,
2290,"Job WIP, Total",Balance Sheet,End-Total,2200..2290, ,,,0.00,0.00,,0.00,0.00,0.00,0.00,,,Average Rate (Manual),,FALSE,,
2300,Accounts Receivable,Balance Sheet,Begin-Total,, ,,,0.00,0.00,,0.00,0.00,0.00,0.00,,,Average Rate (Manual),,FALSE,,
2310,Customers Domestic,Balance Sheet,Posting,, ,,,"616,025.43","616,025.43",,0.00,0.00,0.00,"616,025.43",,,Average Rate (Manual),,FALSE,,
2320,"Customers, Foreign",Balance Sheet,Posting,, ,,,"292,756.49","292,756.49",,0.00,0.00,0.00,"292,756.49",,,Average Rate (Manual),,FALSE,,
2325,"Customers, Intercompany",Balance Sheet,Posting,, ,,,0.00,0.00,,0.00,0.00,0.00,0.00,,,Average Rate (Manual),,FALSE,,
2330,Accrued Interest,Balance Sheet,Posting,, ,,,"37,205.47","37,205.47",,0.00,0.00,0.00,"37,205.47",,,Average Rate (Manual),,TRUE,,
2340,Other Receivables,Balance Sheet,Posting,, ,,,"2,030.57","2,030.57",,0.00,0.00,0.00,"2,030.57",,,Average Rate (Manual),,TRUE,,
2390,"Accounts Receivable, Total",Balance Sheet,End-Total,2300..2390, ,,,"948,017.96","948,017.96",,0.00,0.00,0.00,"948,017.96",,,Average Rate (Manual),,FALSE,,
2400,Purchase Prepayments,Balance Sheet,Begin-Total,, ,,,0.00,0.00,,0.00,0.00,0.00,0.00,,,Average Rate (Manual),,FALSE,,
2410,Vendor Prepayments VAT 0%,Balance Sheet,Posting,, ,,NO VAT,0.00,0.00,,0.00,0.00,0.00,0.00,,,Average Rate (Manual),,FALSE,,NO VAT
2420,Vendor Prepayments VAT 10%,Balance Sheet,Posting,, ,,SERVICES,0.00,0.00,,0.00,0.00,0.00,0.00,,,Average Rate (Manual),,FALSE,,VAT10
2430,Vendor Prepayments VAT 25%,Balance Sheet,Posting,, ,,RETAIL,0.00,0.00,,0.00,0.00,0.00,0.00,,,Average Rate (Manual),,FALSE,,VAT25
2440,"Purchase Prepayments, Total",Balance Sheet,End-Total,2400..2440, ,,,0.00,0.00,,0.00,0.00,0.00,0.00,,,Average Rate (Manual),,FALSE,,
2800,Securities,Balance Sheet,Begin-Total,, ,,,0.00,0.00,,0.00,0.00,0.00,0.00,,,Average Rate (Manual),,FALSE,,
2810,Bonds,Balance Sheet,Posting,, ,,,"11,860.69","11,860.69",,0.00,0.00,0.00,"11,860.69",,,Average Rate (Manual),,TRUE,,
2890,"Securities, Total",Balance Sheet,End-Total,2800..2890, ,,,"11,860.69","11,860.69",,0.00,0.00,0.00,"11,860.69",,,Average Rate (Manual),,FALSE,,
2900,Liquid Assets,Balance Sheet,Begin-Total,, ,,,0.00,0.00,,0.00,0.00,0.00,0.00,,,Average Rate (Manual),,FALSE,,
2910,Cash,Balance Sheet,Posting,, ,,,199.01,199.01,,0.00,0.00,0.00,199.01,,,Average Rate (Manual),,TRUE,,
2920,"Bank, LCY",Balance Sheet,Posting,, ,,,"2,846.54","2,846.54",,0.00,0.00,0.00,"2,846.54",,,Average Rate (Manual),,FALSE,,
2930,Bank Currencies,Balance Sheet,Posting,, ,,,"3,910.12","3,910.12",,0.00,0.00,0.00,"3,910.12",,,Average Rate (Manual),,FALSE,,
2940,Giro Account,Balance Sheet,Posting,, ,,,"249,241.29","249,241.29",,0.00,0.00,0.00,"249,241.29",,,Average Rate (Manual),,FALSE,,
2990,"Liquid Assets, Total",Balance Sheet,End-Total,2900..2990, ,,,"256,196.96","256,196.96",,0.00,0.00,0.00,"256,196.96",,,Average Rate (Manual),,FALSE,,
2995,"Current Assets, Total",Balance Sheet,End-Total,2000..2995, ,,,"2,399,697.27","2,399,697.27",,0.00,0.00,0.00,"2,399,697.27",,,Average Rate (Manual),,FALSE,,
2999,TOTAL ASSETS,Balance Sheet,End-Total,1002..2999, ,,,"3,528,386.79","3,528,386.79",,0.00,0.00,0.00,"3,528,386.79",,,Average Rate (Manual),,FALSE,,
3000,LIABILITIES AND EQUITY,Balance Sheet,Heading,, ,,,0.00,0.00,,0.00,0.00,0.00,0.00,,,Average Rate (Manual),,FALSE,,
3100,Stockholder's Equity,Balance Sheet,Heading,, ,,,0.00,0.00,,0.00,0.00,0.00,0.00,,,Average Rate (Manual),,FALSE,,
3110,Capital Stock,Balance Sheet,Posting,, ,,,"-292,000.00","-292,000.00",,0.00,0.00,0.00,"-292,000.00",,,Average Rate (Manual),,FALSE,,
3120,Retained Earnings,Balance Sheet,Posting,, ,,,"-488,329.71","-488,329.71",,0.00,0.00,0.00,"-488,329.71",,,Average Rate (Manual),,FALSE,,
3195,Net Income for the Year,Balance Sheet,Total,6000..9999, ,,,"-51,404.71","-51,404.71",,0.00,0.00,0.00,"-51,404.71",,,Average Rate (Manual),,FALSE,,
3199,Total Stockholder's Equity,Balance Sheet,Total,3100..3199|6000..9999, ,,,"-831,734.42","-831,734.42",,0.00,0.00,0.00,"-831,734.42",,,Average Rate (Manual),,FALSE,,
4000,Allowances,Balance Sheet,Begin-Total,, ,,,0.00,0.00,,0.00,0.00,0.00,0.00,,,Average Rate (Manual),,FALSE,,
4010,Deferred Taxes,Balance Sheet,Posting,, ,,,"-173,214.40","-173,214.40",,0.00,0.00,0.00,"-173,214.40",,,Average Rate (Manual),,FALSE,,
4999,"Allowances, Total",Balance Sheet,End-Total,4000..4999, ,,,"-173,214.40","-173,214.40",,0.00,0.00,0.00,"-173,214.40",,,Average Rate (Manual),,FALSE,,
5000,Liabilities,Balance Sheet,Begin-Total,, ,,,0.00,0.00,,0.00,0.00,0.00,0.00,,,Average Rate (Manual),,FALSE,,
5100,Long-term Liabilities,Balance Sheet,Begin-Total,, ,,,0.00,0.00,,0.00,0.00,0.00,0.00,,,Average Rate (Manual),,FALSE,,
5110,Long-term Bank Loans,Balance Sheet,Posting,, ,,,"-55,675.76","-55,675.76",,0.00,0.00,0.00,"-55,675.76",,,Average Rate (Manual),,TRUE,,
5120,Mortgage,Balance Sheet,Posting,, ,,,"-316,945.79","-316,945.79",,0.00,0.00,0.00,"-316,945.79",,,Average Rate (Manual),,TRUE,,
5290,"Long-term Liabilities, Total",Balance Sheet,End-Total,5100..5290, ,,,"-372,621.55","-372,621.55",,0.00,0.00,0.00,"-372,621.55",,,Average Rate (Manual),,FALSE,,
5300,Short-term Liabilities,Balance Sheet,Begin-Total,, ,,,0.00,0.00,,0.00,0.00,0.00,0.00,,,Average Rate (Manual),,FALSE,,
5310,Revolving Credit,Balance Sheet,Posting,, ,,,"-1,383,320.67","-1,383,320.67",,0.00,0.00,0.00,"-1,383,320.67",,,Average Rate (Manual),,FALSE,,
5350,Sales Prepayments,Balance Sheet,Begin-Total,, ,,,0.00,0.00,,0.00,0.00,0.00,0.00,,,Average Rate (Manual),,FALSE,,
5360,Customer Prepayments VAT 0%,Balance Sheet,Posting,, ,,NO VAT,0.00,0.00,,0.00,0.00,0.00,0.00,,,Average Rate (Manual),,FALSE,,NO VAT
5370,Customer Prepayments VAT 10%,Balance Sheet,Posting,, ,,SERVICES,0.00,0.00,,0.00,0.00,0.00,0.00,,,Average Rate (Manual),,FALSE,,VAT10
5380,Customer Prepayments VAT 25%,Balance Sheet,Posting,, ,,RETAIL,0.00,0.00,,0.00,0.00,0.00,0.00,,,Average Rate (Manual),,FALSE,,VAT25
5390,"Sales Prepayments, Total",Balance Sheet,End-Total,5350..5390, ,,,0.00,0.00,,0.00,0.00,0.00,0.00,,,Average Rate (Manual),,FALSE,,
5400,Accounts Payable,Balance Sheet,Begin-Total,, ,,,0.00,0.00,,0.00,0.00,0.00,0.00,,,Average Rate (Manual),,FALSE,,
5410,"Vendors, Domestic",Balance Sheet,Posting,, ,,,"-210,661.75","-210,661.75",,0.00,0.00,0.00,"-210,661.75",,,Average Rate (Manual),,FALSE,,
5420,"Vendors, Foreign",Balance Sheet,Posting,, ,,,"-211,405.66","-211,405.66",,0.00,0.00,0.00,"-211,405.66",,,Average Rate (Manual),,FALSE,,
5425,"Vendors, Intercompany",Balance Sheet,Posting,, ,,,0.00,0.00,,0.00,0.00,0.00,0.00,,,Average Rate (Manual),,FALSE,,
5490,"Accounts Payable, Total",Balance Sheet,End-Total,5400..5490, ,,,"-422,067.41","-422,067.41",,0.00,0.00,0.00,"-422,067.41",,,Average Rate (Manual),,FALSE,,
5500,Inv. Adjmt. (Interim),Balance Sheet,Begin-Total,, ,,,0.00,0.00,,0.00,0.00,0.00,0.00,,,Average Rate (Manual),,FALSE,,
5510,"Inv. Adjmt. (Interim), Retail",Balance Sheet,Posting,, ,,,0.00,0.00,,0.00,0.00,0.00,0.00,,,Average Rate (Manual),,FALSE,,
5530,"Inv. Adjmt. (Interim), Raw Mat",Balance Sheet,Posting,, ,,,0.00,0.00,,0.00,0.00,0.00,0.00,,,Average Rate (Manual),,FALSE,,
5590,"Inv. Adjmt. (Interim), Total",Balance Sheet,End-Total,5500..5590, ,,,0.00,0.00,,0.00,0.00,0.00,0.00,,,Average Rate (Manual),,FALSE,,
5600,VAT,Balance Sheet,Begin-Total,, ,,,0.00,0.00,,0.00,0.00,0.00,0.00,,,Average Rate (Manual),,FALSE,,
5610,Sales VAT 25 %,Balance Sheet,Posting,, ,,,"-403,743.53","-403,743.53",,0.00,0.00,0.00,"-403,743.53",,,Average Rate (Manual),,FALSE,,
5611,Sales VAT 10 %,Balance Sheet,Posting,, ,,,"-6,846.06","-6,846.06",,0.00,0.00,0.00,"-6,846.06",,,Average Rate (Manual),,FALSE,,
5620,Purchase VAT 25 % EU,Balance Sheet,Posting,, ,,,"-9,645.84","-9,645.84",,0.00,0.00,0.00,"-9,645.84",,,Average Rate (Manual),,FALSE,,
5621,Purchase VAT 10 % EU,Balance Sheet,Posting,, ,,,0.00,0.00,,0.00,0.00,0.00,0.00,,,Average Rate (Manual),,FALSE,,
5630,Purchase VAT 25 %,Balance Sheet,Posting,, ,,,"242,543.76","242,543.76",,0.00,0.00,0.00,"242,543.76",,,Average Rate (Manual),,FALSE,,
5631,Purchase VAT 10 %,Balance Sheet,Posting,, ,,,555.91,555.91,,0.00,0.00,0.00,555.91,,,Average Rate (Manual),,FALSE,,
5710,Fuel Tax,Balance Sheet,Posting,, ,,,"3,200.57","3,200.57",,0.00,0.00,0.00,"3,200.57",,,Average Rate (Manual),,TRUE,,
5720,Electricity Tax,Balance Sheet,Posting,, ,,,0.00,0.00,,0.00,0.00,0.00,0.00,,,Average Rate (Manual),,TRUE,,
5730,Natural Gas Tax,Balance Sheet,Posting,, ,,,0.00,0.00,,0.00,0.00,0.00,0.00,,,Average Rate (Manual),,TRUE,,
5740,Coal Tax,Balance Sheet,Posting,, ,,,0.00,0.00,,0.00,0.00,0.00,0.00,,,Average Rate (Manual),,TRUE,,
5750,CO2 Tax,Balance Sheet,Posting,, ,,,"1,600.30","1,600.30",,0.00,0.00,0.00,"1,600.30",,,Average Rate (Manual),,TRUE,,
5760,Water Tax,Balance Sheet,Posting,, ,,,0.00,0.00,,0.00,0.00,0.00,0.00,,,Average Rate (Manual),,TRUE,,
5780,VAT Payable,Balance Sheet,Posting,, ,,,0.00,0.00,,0.00,0.00,0.00,0.00,,,Average Rate (Manual),,TRUE,,
5790,"VAT, Total",Balance Sheet,End-Total,5600..5790, ,,,"-172,334.89","-172,334.89",,0.00,0.00,0.00,"-172,334.89",,,Average Rate (Manual),,FALSE,,
5795,Prepaid Service Contracts,Balance Sheet,Begin-Total,, ,,,0.00,0.00,,0.00,0.00,0.00,0.00,,,Average Rate (Manual),,FALSE,,
5796,Prepaid Hardware Contracts,Balance Sheet,Posting,,Sale,NATIONAL,SERVICES,0.00,0.00,,0.00,0.00,0.00,0.00,,,Average Rate (Manual),,TRUE,NATIONAL,VAT10
5797,Prepaid Software Contracts,Balance Sheet,Posting,,Sale,NATIONAL,SERVICES,0.00,0.00,,0.00,0.00,0.00,0.00,,,Average Rate (Manual),,TRUE,NATIONAL,VAT10
5799,Total Prepaid Service Contract,Balance Sheet,End-Total,5795..5799, ,,,0.00,0.00,,0.00,0.00,0.00,0.00,,,Average Rate (Manual),,FALSE,,
5800,Personnel-related Items,Balance Sheet,Begin-Total,, ,,,0.00,0.00,,0.00,0.00,0.00,0.00,,,Average Rate (Manual),,FALSE,,
5810,Withholding Taxes Payable,Balance Sheet,Posting,, ,,,"-84,874.55","-84,874.55",,0.00,0.00,0.00,"-84,874.55",,,Average Rate (Manual),,TRUE,,
5820,Supplementary Taxes Payable,Balance Sheet,Posting,, ,,,"-31,536.00","-31,536.00",,0.00,0.00,0.00,"-31,536.00",,,Average Rate (Manual),,TRUE,,
5830,Payroll Taxes Payable,Balance Sheet,Posting,, ,,,"-15,924.04","-15,924.04",,0.00,0.00,0.00,"-15,924.04",,,Average Rate (Manual),,TRUE,,
5840,Vacation Compensation Payable,Balance Sheet,Posting,, ,,,"-6,186.06","-6,186.06",,0.00,0.00,0.00,"-6,186.06",,,Average Rate (Manual),,TRUE,,
5890,Total Personnel-related Items,Balance Sheet,End-Total,5800..5890, ,,,"-138,520.65","-138,520.65",,0.00,0.00,0.00,"-138,520.65",,,Average Rate (Manual),,FALSE,,
5900,Other Liabilities,Balance Sheet,Begin-Total,, ,,,0.00,0.00,,0.00,0.00,0.00,0.00,,,Average Rate (Manual),,FALSE,,
5910,Dividends for the Fiscal Year,Balance Sheet,Posting,, ,,,0.00,0.00,,0.00,0.00,0.00,0.00,,,Average Rate (Manual),,TRUE,,
5920,Corporate Taxes Payable,Balance Sheet,Posting,, ,,,"-34,572.80","-34,572.80",,0.00,0.00,0.00,"-34,572.80",,,Average Rate (Manual),,TRUE,,
5990,"Other Liabilities, Total",Balance Sheet,End-Total,5900..5990, ,,,"-34,572.80","-34,572.80",,0.00,0.00,0.00,"-34,572.80",,,Average Rate (Manual),,FALSE,,
5995,"Short-term Liabilities, Total",Balance Sheet,End-Total,5300..5995, ,,,"-2,150,816.42","-2,150,816.42",,0.00,0.00,0.00,"-2,150,816.42",,,Average Rate (Manual),,FALSE,,
5997,Total Liabilities,Balance Sheet,End-Total,5000..5997, ,,,"-2,523,437.97","-2,523,437.97",,0.00,0.00,0.00,"-2,523,437.97",,,Average Rate (Manual),,FALSE,,
5999,TOTAL LIABILITIES AND EQUITY,Balance Sheet,Total,3000..5999|6000..9999, ,,,"-3,528,386.79","-3,528,386.79",,0.00,0.00,0.00,"-3,528,386.79",,,Average Rate (Manual),,FALSE,,
6000,INCOME STATEMENT,Income Statement,Heading,, ,,,0.00,0.00,,0.00,0.00,0.00,0.00,,,Average Rate (Manual),,FALSE,,
6100,Revenue,Income Statement,Begin-Total,, ,,,0.00,0.00,,0.00,0.00,0.00,0.00,,,Average Rate (Manual),,FALSE,,
6105,Sales of Retail,Income Statement,Begin-Total,, ,,,0.00,0.00,,0.00,0.00,0.00,0.00,,,Average Rate (Manual),,FALSE,,
6110,"Sales, Retail - Dom.",Income Statement,Posting,,Sale,NATIONAL,RETAIL,"-761,618.03","-761,618.03",6110,0.00,0.00,0.00,"-761,618.03",,,Average Rate (Manual),,FALSE,NATIONAL,VAT25
6120,"Sales, Retail - EU",Income Statement,Posting,,Sale,EU,RETAIL,"-98,141.58","-98,141.58",6120,0.00,0.00,0.00,"-98,141.58",,,Average Rate (Manual),,TRUE,EU,VAT25
6130,"Sales, Retail - Export",Income Statement,Posting,,Sale,EXPORT,RETAIL,"-128,946.18","-128,946.18",6130,0.00,0.00,0.00,"-128,946.18",,,Average Rate (Manual),,FALSE,EXPORT,VAT25
6190,"Job Sales Applied, Retail",Income Statement,Posting,, ,,,0.00,0.00,6190,0.00,0.00,0.00,0.00,,,Average Rate (Manual),,FALSE,,
6191,"Job Sales Adjmt., Retail",Income Statement,Posting,, ,,,0.00,0.00,6191,0.00,0.00,0.00,0.00,,,Average Rate (Manual),,FALSE,,
6195,Total Sales of Retail,Income Statement,End-Total,6105..6195, ,,,"-988,705.79","-988,705.79",,0.00,0.00,0.00,"-988,705.79",,,Average Rate (Manual),,FALSE,,
6205,Sales of Raw Materials,Income Statement,Begin-Total,, ,,,0.00,0.00,,0.00,0.00,0.00,0.00,,,Average Rate (Manual),,FALSE,,
6210,"Sales, Raw Materials - Dom.",Income Statement,Posting,,Sale,NATIONAL,RAW MAT,"-4,449,575.12","-4,449,575.12",6210,0.00,0.00,0.00,"-4,449,575.12",,,Average Rate (Manual),,FALSE,NATIONAL,VAT25
6220,"Sales, Raw Materials - EU",Income Statement,Posting,,Sale,EU,RAW MAT,"-531,350.66","-531,350.66",6220,0.00,0.00,0.00,"-531,350.66",,,Average Rate (Manual),,FALSE,EU,VAT25
6230,"Sales, Raw Materials - Export",Income Statement,Posting,,Sale,EXPORT,RAW MAT,"-880,171.63","-880,171.63",6230,0.00,0.00,0.00,"-880,171.63",,,Average Rate (Manual),,FALSE,EXPORT,VAT25
6290,"Job Sales Applied, Raw Mat.",Income Statement,Posting,, ,,,0.00,0.00,6290,0.00,0.00,0.00,0.00,,,Average Rate (Manual),,FALSE,,
6291,"Job Sales Adjmt., Raw Mat.",Income Statement,Posting,, ,,,0.00,0.00,6291,0.00,0.00,0.00,0.00,,,Average Rate (Manual),,FALSE,,
6295,Total Sales of Raw Materials,Income Statement,End-Total,6205..6295, ,,,"-5,861,097.41","-5,861,097.41",,0.00,0.00,0.00,"-5,861,097.41",,,Average Rate (Manual),,FALSE,,
6405,Sales of Resources,Income Statement,Begin-Total,, ,,,0.00,0.00,,0.00,0.00,0.00,0.00,,,Average Rate (Manual),,FALSE,,
6410,"Sales, Resources - Dom.",Income Statement,Posting,,Sale,NATIONAL,SERVICES,"-19,818.00","-19,818.00",6410,0.00,0.00,0.00,"-19,818.00",,,Average Rate (Manual),,FALSE,NATIONAL,VAT10
6420,"Sales, Resources - EU",Income Statement,Posting,,Sale,EU,SERVICES,0.00,0.00,6420,0.00,0.00,0.00,0.00,,,Average Rate (Manual),,FALSE,EU,VAT10
6430,"Sales, Resources - Export",Income Statement,Posting,,Sale,EXPORT,SERVICES,0.00,0.00,6430,0.00,0.00,0.00,0.00,,,Average Rate (Manual),,FALSE,EXPORT,VAT10
6490,"Job Sales Applied, Resources",Income Statement,Posting,, ,,,0.00,0.00,6490,0.00,0.00,0.00,0.00,,,Average Rate (Manual),,FALSE,,
6491,"Job Sales Adjmt., Resources",Income Statement,Posting,, ,,,0.00,0.00,6491,0.00,0.00,0.00,0.00,,,Average Rate (Manual),,FALSE,,
6495,Total Sales of Resources,Income Statement,End-Total,6405..6495, ,,,"-19,818.00","-19,818.00",,0.00,0.00,0.00,"-19,818.00",,,Average Rate (Manual),,FALSE,,
6605,Sales of Jobs,Income Statement,Begin-Total,, ,,,0.00,0.00,,0.00,0.00,0.00,0.00,,,Average Rate (Manual),,FALSE,,
6610,"Sales, Other Job Expenses",Income Statement,Posting,,Sale,NATIONAL,MISC,0.00,0.00,6610,0.00,0.00,0.00,0.00,,,Average Rate (Manual),,TRUE,NATIONAL,VAT25
6620,Job Sales,Income Statement,Posting,, ,,,0.00,0.00,6620,0.00,0.00,0.00,0.00,,,Average Rate (Manual),,TRUE,,
6695,Total Sales of Jobs,Income Statement,End-Total,6605..6695, ,,,0.00,0.00,,0.00,0.00,0.00,0.00,,,Average Rate (Manual),,FALSE,,
6710,Consulting Fees - Dom.,Income Statement,Posting,,Sale,NATIONAL,SERVICES,"-235,592.91","-235,592.91",6710,0.00,0.00,0.00,"-235,592.91",,,Average Rate (Manual),,TRUE,NATIONAL,VAT10
6810,Fees and Charges Rec. - Dom.,Income Statement,Posting,,Sale,NATIONAL,MISC,-961.03,-961.03,6810,0.00,0.00,0.00,-961.03,,,Average Rate (Manual),,TRUE,NATIONAL,VAT25
6910,Discount Granted,Income Statement,Posting,, ,,,"39,370.88","39,370.88",6910,0.00,0.00,0.00,"39,370.88",,,Average Rate (Manual),,FALSE,,
6950,Sales of Service Contracts,Income Statement,Begin-Total,, ,,,0.00,0.00,,0.00,0.00,0.00,0.00,,,Average Rate (Manual),,FALSE,,
6955,Service Contract Sale,Income Statement,Posting,,Sale,NATIONAL,SERVICES,0.00,0.00,,0.00,0.00,0.00,0.00,,,Average Rate (Manual),,TRUE,NATIONAL,VAT10
6959,Total Sale of Serv. Contracts,Income Statement,End-Total,6950..6959, ,,,0.00,0.00,,0.00,0.00,0.00,0.00,,,Average Rate (Manual),,FALSE,,
6995,Total Revenue,Income Statement,End-Total,6100..6995, ,,,"-7,066,804.26","-7,066,804.26",,0.00,0.00,0.00,"-7,066,804.26",,,Average Rate (Manual),,FALSE,,
7100,Cost,Income Statement,Begin-Total,, ,,,0.00,0.00,,0.00,0.00,0.00,0.00,,,Average Rate (Manual),,FALSE,,
7105,Cost of Retail,Income Statement,Begin-Total,, ,,,0.00,0.00,,0.00,0.00,0.00,0.00,,,Average Rate (Manual),,FALSE,,
7110,"Purch., Retail - Dom.",Income Statement,Posting,,Purchase,NATIONAL,RETAIL,"615,007.46","615,007.46",7110,0.00,0.00,0.00,"615,007.46",,,Average Rate (Manual),,FALSE,NATIONAL,VAT25
7120,"Purch., Retail - EU",Income Statement,Posting,,Purchase,EU,RETAIL,"119,775.52","119,775.52",7110,0.00,0.00,0.00,"119,775.52",,,Average Rate (Manual),,TRUE,EU,VAT25
7130,"Purch., Retail - Export",Income Statement,Posting,,Purchase,EXPORT,RETAIL,"76,441.56","76,441.56",7110,0.00,0.00,0.00,"76,441.56",,,Average Rate (Manual),,FALSE,EXPORT,VAT25
7140,"Disc. Received, Retail",Income Statement,Posting,, ,,,"-4,435.52","-4,435.52",7110,0.00,0.00,0.00,"-4,435.52",,,Average Rate (Manual),,FALSE,,
7150,"Delivery Expenses, Retail",Income Statement,Posting,,Purchase,NATIONAL,MISC,985.36,985.36,7110,0.00,0.00,0.00,985.36,,,Average Rate (Manual),,TRUE,NATIONAL,VAT25
7170,"Inventory Adjmt., Retail",Income Statement,Posting,, ,,,0.00,0.00,7110,0.00,0.00,0.00,0.00,,,Average Rate (Manual),,FALSE,,
7180,"Job Cost Applied, Retail",Income Statement,Posting,, ,,,0.00,0.00,7110,0.00,0.00,0.00,0.00,,,Average Rate (Manual),,FALSE,,
7181,"Job Cost Adjmt., Retail",Income Statement,Posting,, ,,,0.00,0.00,7110,0.00,0.00,0.00,0.00,,,Average Rate (Manual),,FALSE,,
7190,Cost of Retail Sold,Income Statement,Posting,, ,,,0.00,0.00,7110,0.00,0.00,0.00,0.00,,,Average Rate (Manual),,FALSE,,
7191,"Direct Cost Applied, Retail",Income Statement,Posting,, ,,,0.00,0.00,7110,0.00,0.00,0.00,0.00,,,Average Rate (Manual),,FALSE,,
7192,"Overhead Applied, Retail",Income Statement,Posting,, ,,,0.00,0.00,7110,0.00,0.00,0.00,0.00,,,Average Rate (Manual),,FALSE,,
7193,"Purchase Variance, Retail",Income Statement,Posting,, ,,,0.00,0.00,7110,0.00,0.00,0.00,0.00,,,Average Rate (Manual),,FALSE,,
7195,Total Cost of Retail,Income Statement,End-Total,7105..7195, ,,,"807,774.38","807,774.38",,0.00,0.00,0.00,"807,774.38",,,Average Rate (Manual),,FALSE,,
7205,Cost of Raw Materials,Income Statement,Begin-Total,, ,,,0.00,0.00,,0.00,0.00,0.00,0.00,,,Average Rate (Manual),,FALSE,,
7210,"Purch., Raw Materials - Dom.",Income Statement,Posting,,Purchase,NATIONAL,RAW MAT,"2,334,794.86","2,334,794.86",7210,0.00,0.00,0.00,"2,334,794.86",,,Average Rate (Manual),,FALSE,NATIONAL,VAT25
7220,"Purch., Raw Materials - EU",Income Statement,Posting,,Purchase,EU,RAW MAT,"284,677.11","284,677.11",7210,0.00,0.00,0.00,"284,677.11",,,Average Rate (Manual),,FALSE,EU,VAT25
7230,"Purch., Raw Materials - Export",Income Statement,Posting,,Purchase,EXPORT,RAW MAT,"402,066.07","402,066.07",7210,0.00,0.00,0.00,"402,066.07",,,Average Rate (Manual),,FALSE,EXPORT,VAT25
7240,"Disc. Received, Raw Materials",Income Statement,Posting,, ,,,"-15,966.61","-15,966.61",7210,0.00,0.00,0.00,"-15,966.61",,,Average Rate (Manual),,FALSE,,
7250,"Delivery Expenses, Raw Mat.",Income Statement,Posting,,Purchase,NATIONAL,MISC,"1,299.58","1,299.58",7210,0.00,0.00,0.00,"1,299.58",,,Average Rate (Manual),,TRUE,NATIONAL,VAT25
7270,"Inventory Adjmt., Raw Mat.",Income Statement,Posting,, ,,,0.00,0.00,7210,0.00,0.00,0.00,0.00,,,Average Rate (Manual),,FALSE,,
7280,"Job Cost Applied, Raw Mat.",Income Statement,Posting,, ,,,0.00,0.00,7210,0.00,0.00,0.00,0.00,,,Average Rate (Manual),,FALSE,,
7281,"Job Cost Adjmt., Raw Materials",Income Statement,Posting,, ,,,0.00,0.00,7210,0.00,0.00,0.00,0.00,,,Average Rate (Manual),,FALSE,,
7290,Cost of Raw Materials Sold,Income Statement,Posting,, ,,,0.00,0.00,7210,0.00,0.00,0.00,0.00,,,Average Rate (Manual),,FALSE,,
7291,"Direct Cost Applied, Rawmat.",Income Statement,Posting,, ,,,"-12,059.32","-12,059.32",7210,0.00,0.00,0.00,"-12,059.32",,,Average Rate (Manual),,FALSE,,
7292,"Overhead Applied, Rawmat.",Income Statement,Posting,, ,,,0.00,0.00,7210,0.00,0.00,0.00,0.00,,,Average Rate (Manual),,FALSE,,
7293,"Purchase Variance, Rawmat.",Income Statement,Posting,, ,,,0.00,0.00,7210,0.00,0.00,0.00,0.00,,,Average Rate (Manual),,FALSE,,
7295,Total Cost of Raw Materials,Income Statement,End-Total,7205..7295, ,,,"2,994,811.69","2,994,811.69",,0.00,0.00,0.00,"2,994,811.69",,,Average Rate (Manual),,FALSE,,
7405,Cost of Resources,Income Statement,Begin-Total,, ,,,0.00,0.00,,0.00,0.00,0.00,0.00,,,Average Rate (Manual),,FALSE,,
7480,"Job Cost Applied, Resources",Income Statement,Posting,, ,,,0.00,0.00,7480,0.00,0.00,0.00,0.00,,,Average Rate (Manual),,FALSE,,
7481,"Job Cost Adjmt., Resources",Income Statement,Posting,, ,,,0.00,0.00,7481,0.00,0.00,0.00,0.00,,,Average Rate (Manual),,FALSE,,
7490,Cost of Resources Used,Income Statement,Posting,, ,,,0.00,0.00,7490,0.00,0.00,0.00,0.00,,,Average Rate (Manual),,TRUE,,
7495,Total Cost of Resources,Income Statement,End-Total,7405..7495, ,,,0.00,0.00,,0.00,0.00,0.00,0.00,,,Average Rate (Manual),,FALSE,,
7620,Job Costs,Income Statement,Posting,, ,,,0.00,0.00,7620,0.00,0.00,0.00,0.00,,,Average Rate (Manual),,FALSE,,
7705,Cost of Capacities,Income Statement,Begin-Total,, ,,,0.00,0.00,,0.00,0.00,0.00,0.00,,,Average Rate (Manual),,FALSE,,
7710,Cost of Capacities,Income Statement,Posting,, ,,,0.00,0.00,7710,0.00,0.00,0.00,0.00,,,Average Rate (Manual),,FALSE,,
7791,"Direct Cost Applied, Cap.",Income Statement,Posting,, ,,,0.00,0.00,7791,0.00,0.00,0.00,0.00,,,Average Rate (Manual),,FALSE,,
7792,"Overhead Applied, Cap.",Income Statement,Posting,, ,,,0.00,0.00,7792,0.00,0.00,0.00,0.00,,,Average Rate (Manual),,FALSE,,
7793,"Purchase Variance, Cap.",Income Statement,Posting,, ,,,0.00,0.00,7793,0.00,0.00,0.00,0.00,,,Average Rate (Manual),,FALSE,,
7795,Total Cost of Capacities,Income Statement,End-Total,7705..7795, ,,,0.00,0.00,,0.00,0.00,0.00,0.00,,,Average Rate (Manual),,FALSE,,
7805,Variance,Income Statement,Begin-Total,, ,,,0.00,0.00,,0.00,0.00,0.00,0.00,,,Average Rate (Manual),,FALSE,,
7890,Material Variance,Income Statement,Posting,, ,,,0.00,0.00,7890,0.00,0.00,0.00,0.00,,,Average Rate (Manual),,FALSE,,
7891,Capacity Variance,Income Statement,Posting,, ,,,0.00,0.00,7891,0.00,0.00,0.00,0.00,,,Average Rate (Manual),,FALSE,,
7892,Subcontracted Variance,Income Statement,Posting,, ,,,0.00,0.00,7892,0.00,0.00,0.00,0.00,,,Average Rate (Manual),,FALSE,,
7893,Cap. Overhead Variance,Income Statement,Posting,, ,,,0.00,0.00,7893,0.00,0.00,0.00,0.00,,,Average Rate (Manual),,FALSE,,
7894,Mfg. Overhead Variance,Income Statement,Posting,, ,,,0.00,0.00,7894,0.00,0.00,0.00,0.00,,,Average Rate (Manual),,FALSE,,
7895,Total Variance,Income Statement,End-Total,7805..7895, ,,,0.00,0.00,,0.00,0.00,0.00,0.00,,,Average Rate (Manual),,FALSE,,
7995,Total Cost,Income Statement,End-Total,7100..7995, ,,,"3,802,586.07","3,802,586.07",,0.00,0.00,0.00,"3,802,586.07",,,Average Rate (Manual),,FALSE,,
8000,Operating Expenses,Income Statement,Begin-Total,, ,,,0.00,0.00,,0.00,0.00,0.00,0.00,,,Average Rate (Manual),,FALSE,,
8100,Building Maintenance Expenses,Income Statement,Begin-Total,, ,,,0.00,0.00,,0.00,0.00,0.00,0.00,,,Average Rate (Manual),,FALSE,,
8110,Cleaning,Income Statement,Posting,,Purchase,NATIONAL,MISC,"26,665.75","26,665.75",8110,0.00,0.00,0.00,"26,665.75",,,Average Rate (Manual),,TRUE,NATIONAL,VAT25
8120,Electricity and Heating,Income Statement,Posting,,Purchase,NATIONAL,MISC,"35,528.08","35,528.08",8120,0.00,0.00,0.00,"35,528.08",,,Average Rate (Manual),,TRUE,NATIONAL,VAT25
8130,Repairs and Maintenance,Income Statement,Posting,,Purchase,NATIONAL,MISC,"234,008.75","234,008.75",8130,0.00,0.00,0.00,"234,008.75",,,Average Rate (Manual),,TRUE,NATIONAL,VAT25
8190,Total Bldg. Maint. Expenses,Income Statement,End-Total,8100..8190, ,,,"296,202.58","296,202.58",,0.00,0.00,0.00,"296,202.58",,,Average Rate (Manual),,FALSE,,
8200,Administrative Expenses,Income Statement,Begin-Total,, ,,,0.00,0.00,,0.00,0.00,0.00,0.00,,,Average Rate (Manual),,FALSE,,
8210,Office Supplies,Income Statement,Posting,,Purchase,NATIONAL,MISC,"65,080.60","65,080.60",8210,0.00,0.00,0.00,"65,080.60",,,Average Rate (Manual),,TRUE,NATIONAL,VAT25
8230,Phone and Fax,Income Statement,Posting,,Purchase,NATIONAL,MISC,"7,599.35","7,599.35",8230,0.00,0.00,0.00,"7,599.35",,,Average Rate (Manual),,TRUE,NATIONAL,VAT25
8240,Postage,Income Statement,Posting,,Purchase,NATIONAL,NO VAT,"4,023.37","4,023.37",8240,0.00,0.00,0.00,"4,023.37",,,Average Rate (Manual),,TRUE,NATIONAL,NO VAT
8290,Total Administrative Expenses,Income Statement,End-Total,8200..8290, ,,,"76,703.32","76,703.32",,0.00,0.00,0.00,"76,703.32",,,Average Rate (Manual),,FALSE,,
8300,Computer Expenses,Income Statement,Begin-Total,, ,,,0.00,0.00,,0.00,0.00,0.00,0.00,,,Average Rate (Manual),,FALSE,,
8310,Software,Income Statement,Posting,,Purchase,NATIONAL,MISC,"44,175.11","44,175.11",8310,0.00,0.00,0.00,"44,175.11",,,Average Rate (Manual),,TRUE,NATIONAL,VAT25
8320,Consultant Services,Income Statement,Posting,,Purchase,NATIONAL,SERVICES,"20,285.12","20,285.12",8320,0.00,0.00,0.00,"20,285.12",,,Average Rate (Manual),,TRUE,NATIONAL,VAT10
8330,Other Computer Expenses,Income Statement,Posting,,Purchase,NATIONAL,MISC,"4,374.45","4,374.45",8330,0.00,0.00,0.00,"4,374.45",,,Average Rate (Manual),,TRUE,NATIONAL,VAT25
8390,Total Computer Expenses,Income Statement,End-Total,8300..8390, ,,,"68,834.68","68,834.68",,0.00,0.00,0.00,"68,834.68",,,Average Rate (Manual),,FALSE,,
8400,Selling Expenses,Income Statement,Begin-Total,, ,,,0.00,0.00,,0.00,0.00,0.00,0.00,,,Average Rate (Manual),,FALSE,,
8410,Advertising,Income Statement,Posting,,Purchase,NATIONAL,MISC,"114,990.59","114,990.59",8410,0.00,0.00,0.00,"114,990.59",,,Average Rate (Manual),,TRUE,NATIONAL,VAT25
8420,Entertainment and PR,Income Statement,Posting,,Purchase,NATIONAL,MISC,"3,926.08","3,926.08",8420,0.00,0.00,0.00,"3,926.08",,,Average Rate (Manual),,TRUE,NATIONAL,VAT25
8430,Travel,Income Statement,Posting,,Purchase,NATIONAL,NO VAT,"31,904.30","31,904.30",8430,0.00,0.00,0.00,"31,904.30",,,Average Rate (Manual),,TRUE,NATIONAL,NO VAT
8450,Delivery Expenses,Income Statement,Posting,,Purchase,NATIONAL,MISC,"2,749.15","2,749.15",8450,0.00,0.00,0.00,"2,749.15",,,Average Rate (Manual),,TRUE,NATIONAL,VAT25
8490,Total Selling Expenses,Income Statement,End-Total,8400..8490, ,,,"153,570.12","153,570.12",,0.00,0.00,0.00,"153,570.12",,,Average Rate (Manual),,FALSE,,
8500,Vehicle Expenses,Income Statement,Begin-Total,, ,,,0.00,0.00,,0.00,0.00,0.00,0.00,,,Average Rate (Manual),,FALSE,,
8510,Gasoline and Motor Oil,Income Statement,Posting,,Purchase,NATIONAL,MISC,"4,694.20","4,694.20",8510,0.00,0.00,0.00,"4,694.20",,,Average Rate (Manual),,TRUE,NATIONAL,VAT25
8520,Registration Fees,Income Statement,Posting,,Purchase,NATIONAL,NO VAT,"1,503.69","1,503.69",8520,0.00,0.00,0.00,"1,503.69",,,Average Rate (Manual),,TRUE,NATIONAL,NO VAT
8530,Repairs and Maintenance,Income Statement,Posting,,Purchase,NATIONAL,MISC,"23,541.74","23,541.74",8530,0.00,0.00,0.00,"23,541.74",,,Average Rate (Manual),,TRUE,NATIONAL,VAT25
8590,Total Vehicle Expenses,Income Statement,End-Total,8500..8590, ,,,"29,739.63","29,739.63",,0.00,0.00,0.00,"29,739.63",,,Average Rate (Manual),,FALSE,,
8600,Other Operating Expenses,Income Statement,Begin-Total,, ,,,0.00,0.00,,0.00,0.00,0.00,0.00,,,Average Rate (Manual),,FALSE,,
8610,Cash Discrepancies,Income Statement,Posting,, ,,,172.65,172.65,8610,0.00,0.00,0.00,172.65,,,Average Rate (Manual),,TRUE,,
8620,Bad Debt Expenses,Income Statement,Posting,, ,,,"14,650.25","14,650.25",8620,0.00,0.00,0.00,"14,650.25",,,Average Rate (Manual),,TRUE,,
8630,Legal and Accounting Services,Income Statement,Posting,,Purchase,NATIONAL,MISC,"15,006.04","15,006.04",8630,0.00,0.00,0.00,"15,006.04",,,Average Rate (Manual),,TRUE,NATIONAL,VAT25
8640,Miscellaneous,Income Statement,Posting,,Purchase,NATIONAL,MISC,"29,675.27","29,675.27",8640,0.00,0.00,0.00,"29,675.27",,,Average Rate (Manual),,TRUE,NATIONAL,VAT25
8690,"Other Operating Exp., Total",Income Statement,End-Total,8600..8690, ,,,"59,504.21","59,504.21",,0.00,0.00,0.00,"59,504.21",,,Average Rate (Manual),,FALSE,,
8695,Total Operating Expenses,Income Statement,End-Total,8000..8695, ,,,"684,554.54","684,554.54",,0.00,0.00,0.00,"684,554.54",,,Average Rate (Manual),,FALSE,,
8700,Personnel Expenses,Income Statement,Begin-Total,, ,,,0.00,0.00,,0.00,0.00,0.00,0.00,,,Average Rate (Manual),,FALSE,,
8710,Wages,Income Statement,Posting,, ,,,"1,338,025.10","1,338,025.10",8710,0.00,0.00,0.00,"1,338,025.10",,,Average Rate (Manual),,TRUE,,
8720,Salaries,Income Statement,Posting,, ,,,"381,591.32","381,591.32",8720,0.00,0.00,0.00,"381,591.32",,,Average Rate (Manual),,TRUE,,
8730,Retirement Plan Contributions,Income Statement,Posting,, ,,,"7,638.76","7,638.76",8730,0.00,0.00,0.00,"7,638.76",,,Average Rate (Manual),,TRUE,,
8740,Vacation Compensation,Income Statement,Posting,, ,,,"187,695.39","187,695.39",8740,0.00,0.00,0.00,"187,695.39",,,Average Rate (Manual),,TRUE,,
8750,Payroll Taxes,Income Statement,Posting,, ,,,"34,796.59","34,796.59",8750,0.00,0.00,0.00,"34,796.59",,,Average Rate (Manual),,TRUE,,
8790,Total Personnel Expenses,Income Statement,End-Total,8700..8790, ,,,"1,949,747.16","1,949,747.16",,0.00,0.00,0.00,"1,949,747.16",,,Average Rate (Manual),,FALSE,,
8800,Depreciation of Fixed Assets,Income Statement,Begin-Total,, ,,,0.00,0.00,,0.00,0.00,0.00,0.00,,,Average Rate (Manual),,FALSE,,
8810,"Depreciation, Buildings",Income Statement,Posting,, ,,,"123,139.21","123,139.21",8810,0.00,0.00,0.00,"123,139.21",,,Average Rate (Manual),,TRUE,,
8820,"Depreciation, Equipment",Income Statement,Posting,, ,,,"145,912.90","145,912.90",8820,0.00,0.00,0.00,"145,912.90",,,Average Rate (Manual),,TRUE,,
8830,"Depreciation, Vehicles",Income Statement,Posting,, ,,,"35,800.02","35,800.02",8830,0.00,0.00,0.00,"35,800.02",,,Average Rate (Manual),,TRUE,,
8840,Gains and Losses,Income Statement,Posting,, ,,,0.00,0.00,8840,0.00,0.00,0.00,0.00,,,Average Rate (Manual),,FALSE,,
8890,Total Fixed Asset Depreciation,Income Statement,End-Total,8800..8890, ,,,"304,852.13","304,852.13",,0.00,0.00,0.00,"304,852.13",,,Average Rate (Manual),,FALSE,,
8910,Other Costs of Operations,Income Statement,Posting,,Purchase,NATIONAL,MISC,"2,495.64","2,495.64",8910,0.00,0.00,0.00,"2,495.64",,,Average Rate (Manual),,TRUE,NATIONAL,VAT25
8995,Net Operating Income,Income Statement,Total,6000..8995, ,,,"-322,568.72","-322,568.72",,0.00,0.00,0.00,"-322,568.72",,,Average Rate (Manual),,FALSE,,
9100,Interest Income,Income Statement,Begin-Total,, ,,,0.00,0.00,,0.00,0.00,0.00,0.00,,,Average Rate (Manual),,FALSE,,
9110,Interest on Bank Balances,Income Statement,Posting,, ,,,"-1,897.65","-1,897.65",9110,0.00,0.00,0.00,"-1,897.65",,,Average Rate (Manual),,TRUE,,
9120,Finance Charges from Customers,Income Statement,Posting,,Sale,NATIONAL,NO VAT,0.00,0.00,9120,0.00,0.00,0.00,0.00,,,Average Rate (Manual),,TRUE,NATIONAL,NO VAT
9130,Payment Discounts Received,Income Statement,Posting,, ,,,0.00,0.00,9130,0.00,0.00,0.00,0.00,,,Average Rate (Manual),,FALSE,,
9135,PmtDisc. Received - Decreases,Income Statement,Posting,, ,,,0.00,0.00,9135,0.00,0.00,0.00,0.00,,,Average Rate (Manual),,FALSE,,
9140,Invoice Rounding,Income Statement,Posting,, ,NATIONAL,NO VAT,0.00,0.00,9140,0.00,0.00,0.00,0.00,,,Average Rate (Manual),,FALSE,NATIONAL,NO VAT
9150,Application Rounding,Income Statement,Posting,, ,,,0.00,0.00,9150,0.00,0.00,0.00,0.00,,,Average Rate (Manual),,FALSE,,
9160,Payment Tolerance Received,Income Statement,Posting,, ,,,0.00,0.00,9160,0.00,0.00,0.00,0.00,,,Average Rate (Manual),,FALSE,,
9170,Pmt. Tol. Received Decreases,Income Statement,Posting,, ,,,0.00,0.00,9170,0.00,0.00,0.00,0.00,,,Average Rate (Manual),,FALSE,,
9190,Total Interest Income,Income Statement,End-Total,9100..9190, ,,,"-1,897.65","-1,897.65",,0.00,0.00,0.00,"-1,897.65",,,Average Rate (Manual),,FALSE,,
9200,Interest Expenses,Income Statement,Begin-Total,, ,,,0.00,0.00,,0.00,0.00,0.00,0.00,,,Average Rate (Manual),,FALSE,,
9210,Interest on Revolving Credit,Income Statement,Posting,, ,,,"47,149.27","47,149.27",9210,0.00,0.00,0.00,"47,149.27",,,Average Rate (Manual),,TRUE,,
9220,Interest on Bank Loans,Income Statement,Posting,, ,,,"3,022.47","3,022.47",9220,0.00,0.00,0.00,"3,022.47",,,Average Rate (Manual),,TRUE,,
9230,Mortgage Interest,Income Statement,Posting,, ,,,"75,917.56","75,917.56",9230,0.00,0.00,0.00,"75,917.56",,,Average Rate (Manual),,TRUE,,
9240,Finance Charges to Vendors,Income Statement,Posting,, ,,,"86,022.82","86,022.82",9240,0.00,0.00,0.00,"86,022.82",,,Average Rate (Manual),,TRUE,,
9250,Payment Discounts Granted,Income Statement,Posting,, ,,,"2,734.58","2,734.58",9250,0.00,0.00,0.00,"2,734.58",,,Average Rate (Manual),,FALSE,,
9255,PmtDisc. Granted - Decreases,Income Statement,Posting,, ,,,0.00,0.00,9255,0.00,0.00,0.00,0.00,,,Average Rate (Manual),,FALSE,,
9260,Payment Tolerance Granted,Income Statement,Posting,, ,,,0.00,0.00,9260,0.00,0.00,0.00,0.00,,,Average Rate (Manual),,FALSE,,
9270,Pmt. Tol. Granted Decreases,Income Statement,Posting,, ,,,0.00,0.00,9270,0.00,0.00,0.00,0.00,,,Average Rate (Manual),,FALSE,,
9290,Total Interest Expenses,Income Statement,End-Total,9200..9290, ,,,"214,846.70","214,846.70",,0.00,0.00,0.00,"214,846.70",,,Average Rate (Manual),,FALSE,,
9310,Unrealized FX Gains,Income Statement,Posting,, ,,,0.04,0.04,9310,0.00,0.00,0.00,0.04,,,Average Rate (Manual),,FALSE,,
9320,Unrealized FX Losses,Income Statement,Posting,, ,,,"1,503.84","1,503.84",9320,0.00,0.00,0.00,"1,503.84",,,Average Rate (Manual),,FALSE,,
9330,Realized FX Gains,Income Statement,Posting,, ,,,0.00,0.00,9330,0.00,0.00,0.00,0.00,,,Average Rate (Manual),,FALSE,,
9340,Realized FX Losses,Income Statement,Posting,, ,,,0.00,0.00,9340,0.00,0.00,0.00,0.00,,,Average Rate (Manual),,FALSE,,
9395,NI BEFORE EXTR. ITEMS & TAXES,Income Statement,Total,6000..9395, ,,,"-108,115.79","-108,115.79",,0.00,0.00,0.00,"-108,115.79",,,Average Rate (Manual),,FALSE,,
9410,Extraordinary Income,Income Statement,Posting,, ,,,0.00,0.00,,0.00,0.00,0.00,0.00,,,Average Rate (Manual),,TRUE,,
9420,Extraordinary Expenses,Income Statement,Posting,, ,,,763.88,763.88,,0.00,0.00,0.00,763.88,,,Average Rate (Manual),,TRUE,,
9495,NET INCOME BEFORE TAXES,Income Statement,Total,6000..9495, ,,,"-107,351.91","-107,351.91",,0.00,0.00,0.00,"-107,351.91",,,Average Rate (Manual),,FALSE,,
9510,Corporate Tax,Income Statement,Posting,, ,,,"55,947.20","55,947.20",,0.00,0.00,0.00,"55,947.20",,,Average Rate (Manual),,TRUE,,
9999,NET INCOME,Income Statement,Total,6000..9999, ,,,"-51,404.71","-51,404.71",,0.00,0.00,0.00,"-51,404.71",,,Average Rate (Manual),,FALSE,,
